ETF代碼,ETF名稱,斜率,截距,R值
0050.TW,0050元大台灣50ETF,0.6776097611350633,-8.980734736904988e-05,0.9410415654522523
0056.TW,0056高股息ETF,0.35908886036898424,0.00013909746357588745,0.6606235705712418
00878.TW,00878高股息ETF,0.32973801901012784,0.0001874454760945787,0.6641817456826344
00692.TW,富邦公司治理ETF,0.6020710552587507,-5.774851522505266e-05,0.9243439772030715
