ETF代碼,ETF名稱,斜率,截距
0056.TW,0056高股息ETF,0.3591141284013488,0.0001429230417874751
00878.TW,00878高股息ETF,0.3297288617877038,0.00019098148056908827
00692.TW,富邦公司治理ETF,0.6021547238324177,-5.136413279736824e-05
