ETF代碼,ETF名稱,斜率,截距
0050.TW,0050元大台灣50ETF,0.6776080219424249,-8.585401067411476e-05
0056.TW,0056高股息ETF,0.3590090453479476,0.00014124928167384156
00878.TW,00878高股息ETF,0.3296424238355411,0.00018943762417755126
00692.TW,富邦公司治理ETF,0.6020507701568232,-5.4222694471669716e-05
