ETF代碼,ETF名稱,斜率,截距,R值
0050.TW,0050元大台灣50ETF,0.6776099996484247,-8.980737445598598e-05,0.9410416597810463
0056.TW,0056高股息ETF,0.3590888670659324,0.0001390976561368433,0.6606233005660683
00878.TW,00878高股息ETF,0.329738054747452,0.0001874455628068162,0.6641819232607457
00692.TW,富邦公司治理ETF,0.6020710581851658,-5.774855645680917e-05,0.9243438305532531
